{
  "farmersdelight:main/root": {
    "criteria": {
      "seeds": "2024-06-08 18:27:48 +0000"
    },
    "done": true
  },
  "eternal_tales:eternal_tales_ach": {
    "criteria": {
      "eternal_tales_ach_0": "2024-06-08 18:27:49 +0000"
    },
    "done": true
  },
  "dungeons_arise:wda_root": {
    "criteria": {
      "WDA": "2024-06-08 18:27:49 +0000"
    },
    "done": true
  },
  "mowziesmobs:root": {
    "criteria": {
      "custom_test_name": "2024-06-08 18:27:49 +0000"
    },
    "done": true
  },
  "realmrpg_quests:root": {
    "criteria": {
      "root_0": "2024-06-08 18:27:49 +0000"
    },
    "done": true
  },
  "seadwellers:adv_root": {
    "criteria": {
      "adv_root": "2024-06-08 18:27:49 +0000"
    },
    "done": true
  },
  "born_in_chaos_v1:bornin_chaos": {
    "criteria": {
      "bornin_chaos_0": "2024-06-08 18:27:49 +0000"
    },
    "done": true
  },
  "cataclysm:root": {
    "criteria": {
      "custom_test_name": "2024-06-08 18:27:49 +0000"
    },
    "done": true
  },
  "irons_spellbooks:grant_patchouli": {
    "criteria": {
      "tick": "2024-06-08 18:27:49 +0000"
    },
    "done": true
  },
  "mythicmounts:summoning_staff": {
    "criteria": {
      "has_the_recipe": "2024-06-08 18:27:49 +0000"
    },
    "done": true
  },
  "dungeons_arise:find_abandoned_temple": {
    "criteria": {
      "location0": "2024-06-08 18:27:51 +0000"
    },
    "done": true
  },
  "regions_unexplored:regions_explored": {
    "criteria": {
      "frozen_pine_taiga": "2024-06-08 18:27:51 +0000"
    },
    "done": false
  },
  "regions_unexplored:pioneer": {
    "criteria": {
      "frozen_pine_taiga": "2024-06-08 18:27:51 +0000"
    },
    "done": false
  },
  "regions_unexplored:parent": {
    "criteria": {
      "load_in_world": "2024-06-08 18:27:51 +0000"
    },
    "done": true
  },
  "DataVersion": 3465
}